condition,seed,wall_seconds_mean,wall_seconds_std,peak_memory_mb_max,routing_svd_seconds_mean,recon_error_mean
b1,42,2.375460159033537,,19141.0361328125,0.0,0.0
b2,42,1.7932536862790585,,19143.6611328125,0.0,0.0
b3,42,1.798729494214058,,19141.0361328125,0.0,0.0
b4,42,3.240316951647401,,19292.037109375,1.5086531266570091,0.12682954433747445
b4b,42,2.1756456028670073,,19292.037109375,0.41269239224493504,0.0
ours,42,3.2355313152074814,,19292.037109375,1.4538166653364897,0.17500637618281645
ours_minus,42,2.1780766639858484,,19292.037109375,0.41913307271897793,0.0
