condition,seed,wall_seconds_mean,wall_seconds_std,peak_memory_mb_max,routing_svd_seconds_mean,recon_error_mean
b1,42,1.7707186788320541,,19143.6611328125,0.0,0.0
b2,42,1.7337068747729063,,19141.0361328125,0.0,0.0
b3,42,1.7157859466969967,,19143.6611328125,0.0,0.0
b4,42,3.204847915098071,,19292.037109375,1.2650811094790697,0.12682954433747445
b4b,42,2.191252004355192,,19292.037109375,0.4094091895967722,0.0
ours,42,3.2413735650479794,,19292.037109375,1.494177371263504,0.17500637618281645
ours_minus,42,2.1341839507222176,,19292.037109375,0.4206195939332247,0.0
