condition,seed,wall_seconds_mean,wall_seconds_std,peak_memory_mb_max,routing_svd_seconds_mean,recon_error_mean
b1,42,1.7139535378664732,,19143.6611328125,0.0,0.0
b2,42,1.7204337660223246,,19143.6611328125,0.0,0.0
b3,42,1.79433910921216,,19143.6611328125,0.0,0.0
b4,42,3.049564491957426,,19292.037109375,1.3290162030607462,0.12682954433747445
b4b,42,2.177138125523925,,19292.037109375,0.41003020107746124,0.0
ours,42,3.198487624526024,,19292.037109375,1.4764806516468525,0.17500637618281645
ours_minus,42,2.1591380573809147,,19292.037109375,0.4117521867156029,0.0
